Prenom,Nom,Telephone,Service,Motdepasse;
Quentin,Laurent,06010203000,IT,G4a#Mj;S7Q
Rachel,Roux,06010203001,ComptabilitÃ©,kFd~%v{&jb;
Sylvain,Simon,06010203002,ComptabilitÃ©,rvK#><Q;r=
Hugo,David,06010203003,Marketing,;LmGt.e)cn
"FranÃ§ois,Petit,06010203004,ComptabilitÃ©,""v%[\ftz,MA""";
Xavier,Durand,06010203005,Ressources Humaines,rq24IQtAB?;
Morgane,Richard,06010203006,Ressources Humaines,-IVEmW#_t&;
Iris,Michel,06010203007,IT,xK8~<:gC.J;
Rachel,Bernard,06010203008,Ressources Humaines,UOd'L?ukH3;
Quentin,Roux,06010203009,Marketing,qQrl(&XHN};
"Charlotte,Vincent,06010203010,Marketing,""Qfz![N[""""/{""";
Rachel,Simon,06010203011,Marketing,$l[p&#e?Aj;
"FranÃ§ois,Laurent,06010203012,IT,"")N\:,_m(o8""";
Julien,Vincent,06010203013,IT,^V^bBL5sGd;
"ZoÃ©,Simon,06010203014,ComptabilitÃ©,""y,""""]'\~-RR""";
FranÃ§ois,Laurent,06010203015,Ressources Humaines,Cd#iozl@&K;
William,Fournier,06010203016,Marketing,c0coD`f?EH;
ValÃ©rie,Fournier,06010203017,Marketing,~_cA?%z8LI;
"Bob,Richard,06010203018,Ressources Humaines,""<aJ0""""EaAA.""";
Xavier,Bernard,06010203019,Ressources Humaines,7LLp?P9.W7;
Pierre,Dubois,06010203020,ComptabilitÃ©,J1[.D:H2[Z;
Charlotte,Leroy,06010203021,Ressources Humaines,i.uh.usaL(;
Charlotte,Fournier,06010203022,ComptabilitÃ©,5}qk]5;|4e
Alice,Fournier,06010203023,ComptabilitÃ©,mwL&VrJ[8M;
Louis,Laurent,06010203024,Ressources Humaines,8I'D5Bi$ZW;
Xavier,Michel,06010203025,Marketing,+>$v%I@JNa;
"Giselle,Lefebvre,06010203026,Marketing,""A""""jt]IV_j1""";
Iris,Bertrand,06010203027,ComptabilitÃ©,hx-HG`DWy^;
"ValÃ©rie,Durand,06010203028,Ressources Humaines,""ZaKpa:,<.J""";
Alice,Thomas,06010203029,IT,kWS8{DSzL5;
ZoÃ©,Richard,06010203030,IT,.=or/b0Z_K;
FranÃ§ois,Bertrand,06010203031,Marketing,0kUjI45NI`;
Pierre,Moreau,06010203032,ComptabilitÃ©,6b!biTrjIK;
Louis,Richard,06010203033,Ressources Humaines,`%2l-2}?a-;
Giselle,Dubois,06010203034,IT,;OvG\JlV6$
Julien,Roux,06010203035,IT,S`4OpNU7+);
Pierre,Robert,06010203036,IT,r|9Ci8/W=l;
Giselle,David,06010203037,Ressources Humaines,JjjaL<4yWJ;
Pierre,Robert,06010203038,Marketing,.Mtkz^9-7R;
Quentin,Dubois,06010203039,Marketing,eJC]aU_Qnz;
Nathan,Vincent,06010203040,Marketing,8VK0KT4nFl;
Iris,Michel,06010203041,IT,'tkhcssCw-;
Karine,Durand,06010203042,ComptabilitÃ©,xC(xflZc9I;
Julien,Thomas,06010203043,IT,m&g(ib<DBA;
Pierre,Richard,06010203044,IT,ZA@$TZ/w2m;
Nathan,Roux,06010203045,IT,[z:*SiC:WZ;
Hugo,Laurent,06010203046,Marketing,n{8$0NY5Jf;
"Sylvain,Moreau,06010203047,Ressources Humaines,""i,ow0&Cy1M""";
"Iris,Martin,06010203048,Ressources Humaines,""f>""""8K+R{^g""";
Alice,Simon,06010203049,Marketing,rkQEaW^rDi;
