Prenom,Nom,Telephone,Service,Motdepasse
Quentin,Laurent,06010203000,IT,Pa$$w0rd123
Rachel,Roux,06010203001,Comptabilité,Pa$$w0rd123
Sylvain,Simon,06010203002,Comptabilité,Pa$$w0rd123
Hugo,David,06010203003,Marketing,Pa$$w0rd123
François,Petit,06010203004,Comptabilité,Pa$$w0rd123
Xavier,Durand,06010203005,Ressources Humaines,Pa$$w0rd123
Morgane,Richard,06010203006,Ressources Humaines,Pa$$w0rd123
Iris,Michel,06010203007,IT,Pa$$w0rd123
Rachel,Bernard,06010203008,Ressources Humaines,Pa$$w0rd123
Quentin,Roux,06010203009,Marketing,Pa$$w0rd123
Charlotte,Vincent,06010203010,Marketing,Pa$$w0rd123
Rachel,Simon,06010203011,Marketing,Pa$$w0rd123
François,Laurent,06010203012,IT,Pa$$w0rd123
Julien,Vincent,06010203013,IT,Pa$$w0rd123
Zoé,Simon,06010203014,Comptabilité,Pa$$w0rd123
François,Laurent,06010203015,Ressources Humaines,Pa$$w0rd123
William,Fournier,06010203016,Marketing,Pa$$w0rd123
Valérie,Fournier,06010203017,Marketing,Pa$$w0rd123
Bob,Richard,06010203018,Ressources Humaines,Pa$$w0rd123
Xavier,Bernard,06010203019,Ressources Humaines,Pa$$w0rd123
Pierre,Dubois,06010203020,Comptabilité,Pa$$w0rd123
Charlotte,Leroy,06010203021,Ressources Humaines,Pa$$w0rd123
Charlotte,Fournier,06010203022,Comptabilité,Pa$$w0rd123
Alice,Fournier,06010203023,Comptabilité,Pa$$w0rd123
Louis,Laurent,06010203024,Ressources Humaines,Pa$$w0rd123
Xavier,Michel,06010203025,Marketing,Pa$$w0rd123
Giselle,Lefebvre,06010203026,Marketing,Pa$$w0rd123
Iris,Bertrand,06010203027,Comptabilité,Pa$$w0rd123
Valérie,Durand,06010203028,Ressources Humaines,Pa$$w0rd123
Alice,Thomas,06010203029,IT,Pa$$w0rd123
Zoé,Richard,06010203030,IT,Pa$$w0rd123
François,Bertrand,06010203031,Marketing,Pa$$w0rd123
Pierre,Moreau,06010203032,Comptabilité,Pa$$w0rd123
Louis,Richard,06010203033,Ressources Humaines,Pa$$w0rd123
Giselle,Dubois,06010203034,IT,Pa$$w0rd123
Julien,Roux,06010203035,IT,Pa$$w0rd123
Pierre,Robert,06010203036,IT,Pa$$w0rd123
Giselle,David,06010203037,Ressources Humaines,Pa$$w0rd123
Pierre,Robert,06010203038,Marketing,Pa$$w0rd123
Quentin,Dubois,06010203039,Marketing,Pa$$w0rd123
Nathan,Vincent,06010203040,Marketing,Pa$$w0rd123
Iris,Michel,06010203041,IT,Pa$$w0rd123
Karine,Durand,06010203042,Comptabilité,Pa$$w0rd123
Julien,Thomas,06010203043,IT,Pa$$w0rd123
Pierre,Richard,06010203044,IT,Pa$$w0rd123
Nathan,Roux,06010203045,IT,Pa$$w0rd123
Hugo,Laurent,06010203046,Marketing,Pa$$w0rd123
Sylvain,Moreau,06010203047,Ressources Humaines,Pa$$w0rd123
Iris,Martin,06010203048,Ressources Humaines,Pa$$w0rd123
Alice,Simon,06010203049,Marketing,Pa$$w0rd123
